#,Layer,Product(s),Why it helps non-repudiation,Evidence / artifacts,Est. annual cost (Chase-scale),URLs
1,Immutable audit trail (cloud),AWS CloudTrail + S3 Object Lock (WORM),Signed digests + WORM retention; ensures logs can’t be deleted/rewritten.,"CloudTrail digest files, validation proofs, S3 lock policies.",$0.8M–$2.0M USD,https://docs.aws.amazon.com/awscloudtrail/latest/userguide/cloudtrail-log-file-validation-intro.html; https://docs.aws.amazon.com/AmazonS3/latest/userguide/object-lock.html
1,,Azure Immutable Blob Storage (WORM),Time-based retention & legal holds; same price as mutable data.,"Immutable container configs, retention proofs.",$0.5M–$1.5M,https://learn.microsoft.com/en-us/azure/storage/blobs/immutable-storage-overview
1,,Azure Confidential Ledger,Append-only ledger with cryptographic proofs of log integrity.,"Transaction receipts, Merkle proofs.",$0.3M–$1.0M,https://learn.microsoft.com/en-us/azure/confidential-ledger/overview
1,,Google Cloud Bucket Lock / Retention Lock,WORM enforcement for GCP audit data.,"Locked bucket policies, retention metadata.",$0.5M–$1.5M,https://cloud.google.com/storage/docs/bucket-lock
2,Signed transport logging,RFC 5848 Signed Syslog,"Adds origin auth, message integrity, sequencing for device logs.","Signature blocks, sequence numbers.",<$0.1M (implementation),https://datatracker.ietf.org/doc/html/rfc5848
3,SIEM + UEBA (correlation & timelines),Splunk Enterprise Security + UBA,"Correlates identities/events, creates forensic timelines.","Investigation packs, risk scores, timeline views.",$1.5M–$5.0M,https://www.splunk.com/en_us/products/pricing/faqs/cyber-security.html
3,,Microsoft Sentinel (SIEM + UEBA),Cloud-native SIEM with entity behavior analytics.,"UEBA profiles, incidents, playbooks.",$1.0M–$3.0M,https://www.microsoft.com/en-us/security/business/siem-and-xdr/microsoft-sentinel
3,,Google Chronicle Security Ops,Planet-scale log retention/search; global forensics.,Normalized timeline queries.,$0.8M–$2.5M,https://cloud.google.com/security/products/security-operations
3,,Elastic Security (SIEM),Centralized logging with case management.,"Case timelines, alert correlations.",$0.3M–$1.0M,https://www.elastic.co/docs/solutions/security
4,Database / data-access truth (DAM),IBM Guardium Data Protection,Logs all DB queries and privileged actions to prove exact access.,"SQL activity logs, policy violations.",$0.8M–$2.0M,https://www.ibm.com/products/guardium-data-protection
4,,Imperva DAM,Multi-DB activity monitoring across hybrid environments.,"Activity logs, policy violations.",$0.6M–$1.5M,https://www.imperva.com/products/data-activity-monitoring/
4,,Varonis Data Security Platform,File/SaaS UEBA; data-movement linked to users.,Human-readable audit trails.,$0.5M–$1.0M,https://www.varonis.com/data-security-platform
5,Privileged access & session recording (PAM),CyberArk PAM + PSM,"Vaults credentials, records keystrokes & screen video.","Video recordings, session metadata.",$1.0M–$3.0M,https://docs.cyberark.com/pam-self-hosted/latest/en/content/pasimp/privileged-session%20manager-introduction.htm
5,,Delinea Secret Server,Centralized vault + session replay.,Screen captures + keystroke timeline.,$0.5M–$1.5M,https://docs.delinea.com/online-help/secret-server/session-recording/index.htm
5,,BeyondTrust PRA,Records vendor & internal privileged sessions in real time.,Session playback files.,$0.5M–$1.5M,https://www.beyondtrust.com/docs/privileged-identity/app-launcher-and-recording/configure/session-recording-settings.htm
5,,One Identity Safeguard for Privileged Sessions,Tamper-proof signed audit trail playback.,"Encrypted trail files, timestamps.",$0.5M–$1.2M,https://support.oneidentity.com/technical-documents/safeguard-for-privileged-sessions/7.3.1/administration-guide
6,Insider risk & DLP (egress proof),Microsoft Purview Insider Risk + Audit,Correlates user signals + preserves audit logs for up to 10 years.,"Incident cases, audit exports.",$0.8M–$2.5M,https://learn.microsoft.com/en-us/purview/insider-risk-management
6,,Broadcom Symantec DLP,Endpoint + network DLP with admin audit trail.,"Incident records, policy violations.",$0.8M–$2.0M,https://www.broadcom.com/products/cybersecurity/information-protection/data-loss-prevention
6,,Netskope DLP,Cloud/SaaS DLP + incident forensics.,Policy alerts + exportable cases.,$0.6M–$1.5M,https://docs.netskope.com/en/data-loss-prevention/
7,Phishing-resistant auth (AAL3),Okta / HYPR / FIDO2 WebAuthn deployment,Hardware-backed challenge-response signatures prove identity.,"FIDO2 attestation metadata, signed assertions.",$0.3M–$1.0M,https://pages.nist.gov/800-63-4/sp800-63b.html
8,Digitally signed approvals,DocuSign Enterprise,Immutable certificate of completion per change/approval.,CoC PDFs with timestamps + IP.,$0.2M–$0.6M,https://support.docusign.com/s/document-item?topicId=gpa1578456339545.html
9,Framework / controls alignment,NIST SP 800-53 AU-10 Non-Repudiation,Aligns policy and technical evidence to audit requirements.,"Control mappings, audit evidence packages.",$0.3M–$1.0M (people + governance),https://nvd.nist.gov/800-53